<?xml version="1.0" encoding="UTF-8"?>
<ivy-module version="2.0" xmlns:m="http://ant.apache.org/ivy/maven">
  <info organisation="com.code42" module="gradle-ci-plugin" revision="1" status="integration" default="true" publication="20161204161646"/>
  <configurations>
    <conf name="archives" visibility="public"/>
    <conf name="compile" visibility="private"/>
    <conf name="compileClasspath" visibility="private" extends="compileOnly"/>
    <conf name="compileOnly" visibility="private" extends="compile"/>
    <conf name="default" visibility="public" extends="runtime"/>
    <conf name="runtime" visibility="private" extends="compile"/>
    <conf name="testCompile" visibility="private" extends="compile"/>
    <conf name="testCompileClasspath" visibility="private" extends="testCompileOnly"/>
    <conf name="testCompileOnly" visibility="private" extends="testCompile"/>
    <conf name="testRuntime" visibility="private" extends="runtime,testCompile"/>
  </configurations>
  <publications>
    <artifact name="gradle-ci-plugin" type="jar" ext="jar" conf="archives,runtime"/>
  </publications>
  <dependencies>
    <dependency org="gradle.plugin.com.palantir.gradle.gitversion" name="gradle-git-version" rev="0.5.2" conf="compile-&gt;default"/>
  </dependencies>
</ivy-module>
